Ticker,Quantity (Adjusted),Cost Per Share (Adjusted),Currency,Date,Commission,Commission Currency
000660.KR,2.0,1850000.0,KRW,2026-07-16,4000.0,USD
000660.KR,0.0,1842584.74,KRW,2026-07-20,,
000660.KR,3.0,1745000.0,KRW,2026-07-20,4000.0,USD
000660.KR,5.0,1280000.0,KRW,2026-07-29,4000.0,USD
0700.HK,200.0,300.0,HKD,2021-01-01,,
0700.HK,-200.0,332.43,HKD,2023-06-30,,
0700.HK,500.0,440.0,HKD,2025-04-07,,
0700.HK,700.0,438.0,HKD,2025-04-07,,
0700.HK,200.0,520.0,HKD,2025-05-30,,
0700.HK,-200.0,657.5,HKD,2025-10-10,,
0700.HK,200.0,640.0,HKD,2025-12-07,,
0700.HK,100.0,500.0,HKD,2026-04-29,,
0883.HK,3000.0,12.32,HKD,2023-12-19,,
0883.HK,1000.0,19.1,HKD,2024-05-22,,
0883.HK,18000.0,21.25,HKD,2024-08-30,,
0883.HK,1000.0,19.4,HKD,2024-09-26,,
0883.HK,1000.0,18.8,HKD,2024-09-26,,
0883.HK,1000.0,19.2,HKD,2024-09-30,,
0883.HK,5000.0,19.0,HKD,2024-12-31,,
2318.HK,2500.0,47.35,HKD,2023-09-11,,
2318.HK,-2500.0,47.8,HKD,2023-09-15,,
2318.HK,2500.0,45.35,HKD,2023-09-26,,
2318.HK,-2500.0,34.0,HKD,2024-05-31,,
2688.HK,400.0,65.3,HKD,2025-09-10,,
2688.HK,-400.0,70.15,HKD,2025-11-26,52.25,USD
3968.HK,5500.0,28.2,HKD,2023-11-28,,
3968.HK,5500.0,27.25,HKD,2023-11-30,,
3968.HK,-11000.0,33.1,HKD,2024-08-30,,
600519.CN,200.0,1771.195,CNY,2021-01-01,,
600519.CN,-200.0,1519.0,CNY,2025-04-07,,
690D.DE,10000.0,1.2674,EUR,2024-03-28,,
690D.DE,10000.0,1.331,EUR,2024-04-09,,
690D.DE,7000.0,1.336,EUR,2024-04-09,,
690D.DE,1516.0,1.335,EUR,2024-04-09,,
690D.DE,1000.0,1.3322,EUR,2024-04-09,,
690D.DE,484.0,1.334,EUR,2024-04-09,,
BITB,1.0,28.3,USD,2024-01-10,,
BITB,1.0,23.58,USD,2024-01-17,,
BITB,1.0,23.3,USD,2024-01-18,,
BITB,1.0,23.0,USD,2024-01-19,,
BITB,1.0,22.0,USD,2024-01-23,,
BITB,2.0,29.1782,USD,2024-02-27,,
BITB,11.0,31.0,USD,2024-02-28,,
BITB,70.0,38.5,USD,2024-03-26,,
BITB,12.0,38.6128,USD,2024-03-26,,
BITB,1.0,38.0,USD,2024-03-26,,
BITB,1.0,38.0,USD,2024-03-27,,
BITB,-1.0,39.0,USD,2024-03-27,,
BITB,1.0,37.7,USD,2024-04-13,,
BITB,1.0,37.0,USD,2024-04-13,,
BITB,2.0,36.3,USD,2024-04-15,,
BITB,2.0,36.0,USD,2024-04-15,,
BITB,1.0,35.7,USD,2024-04-15,,
BITB,3.0,34.2,USD,2024-04-17,,
BITB,3.0,34.0,USD,2024-04-17,,
BITB,2.0,33.45,USD,2024-04-17,,
BITB,2.0,33.0,USD,2024-04-17,,
BITB,20.0,34.6,USD,2024-06-21,,
BITB,12.0,34.7,USD,2024-06-21,,
BITB,5.0,33.4,USD,2024-06-24,,
BITB,95.0,30.25,USD,2024-07-05,,
BITB,2.0,32.3,USD,2024-08-12,,
BITB,10.0,33.8,USD,2024-08-27,,
BITB,10.0,33.8,USD,2024-08-27,,
BITB,8.0,34.0,USD,2024-08-27,,
BITB,5.0,33.5,USD,2024-08-28,,
BITB,100.0,30.8,USD,2024-09-04,,
BITB,65.0,30.8,USD,2024-09-04,,
BITB,50.0,30.7,USD,2024-09-04,,
BITB,5.0,30.5,USD,2024-09-05,,
BITB,5.0,30.4,USD,2024-09-05,,
BITB,3.0,30.2,USD,2024-09-06,,
BITB,250.0,38.9771,USD,2024-10-29,,
BITB,27.0,38.915,USD,2024-10-29,,
BITB,187.0,38.65,USD,2024-10-29,,
BITB,23.0,50.0,USD,2024-11-26,,
BITB,17.0,47.75,USD,2025-03-24,,
BITB,636.0,50.8,USD,2025-04-23,,
BITB,347.0,51.02,USD,2025-04-23,,
BITB,5.0,58.35,USD,2025-06-16,,
BITB,2.0,58.06,USD,2025-06-16,,
BITB,7.0,57.44,USD,2025-06-20,,
BITB,8.0,57.28,USD,2025-06-24,,
BITB,6.0,59.23,USD,2025-07-09,,
BITB,7.0,60.28,USD,2025-07-10,,
BITB,16.0,60.62,USD,2025-07-10,,
BITB,8.0,63.19,USD,2025-07-15,,
BITB,53.0,64.375,USD,2025-07-16,,
BITB,70.0,64.19,USD,2025-07-17,,
BITB,9.0,64.4,USD,2025-07-22,,
BITB,9.0,63.925,USD,2025-07-23,,
BITB,14.0,62.68,USD,2025-08-02,,
BITB,32.0,62.9,USD,2025-08-18,,
BITB,17.0,63.5681,USD,2025-10-01,,
BITB,29.0,59.8397,USD,2025-10-30,,
BITB,22.0,58.535,USD,2025-11-03,,
BITB,25.0,56.119,USD,2025-11-05,,
BITB,104.0,47.4388,USD,2025-11-26,,
BITB,38.0,47.47,USD,2025-11-26,,
BITB,146.0,47.576,USD,2025-12-29,,
BITB,123.0,51.885,USD,2026-01-16,,
BITB,10.0,35.1965,USD,2026-02-05,,
BITB,10.0,37.257,USD,2026-02-06,,
BITB,10.0,37.2,USD,2026-02-09,,
BITB,10.0,36.2,USD,2026-02-12,,
BITB,10.0,36.6165,USD,2026-02-13,,
BITB,10.0,37.0,USD,2026-02-17,,
BITB,10.0,36.0,USD,2026-02-19,,
BITB,10.0,36.37,USD,2026-02-20,,
BITB,10.0,35.9,USD,2026-02-23,,
BITB,10.0,34.34,USD,2026-02-24,,
BITB,104.0,39.46,USD,2026-03-05,,
BITB,46.0,37.335,USD,2026-03-06,,
CGDV,100.0,45.625,USD,2026-02-11,0.47,USD
CGDV,200.0,45.45,USD,2026-02-13,1.33,USD
CGDV,200.0,45.89,USD,2026-02-25,,
CGDV,30.0,43.52,USD,2026-03-09,,
CGDV,120.0,43.895,USD,2026-03-12,,
CGDV,50.0,42.85,USD,2026-03-19,0.35,USD
CGDV,100.0,43.06,USD,2026-03-19,,
CGDV,50.0,43.0,USD,2026-03-20,0.28,USD
CGDV,150.0,41.905,USD,2026-03-31,,
CGDV,240.0,44.225,USD,2026-04-08,,
CGDV,110.0,46.07,USD,2026-04-24,,
CGDV,150.0,47.15,USD,2026-05-12,,
FTEC,27.0,238.145,USD,2025-10-31,,
FTEC,44.0,239.1,USD,2025-11-03,,
FTEC,5.0,231.825,USD,2025-11-10,,
FTEC,21.0,230.975,USD,2025-11-11,,
FTEC,6.0,223.15,USD,2025-11-28,,
FTEC,-103.0,222.1,USD,2025-12-01,,
GPIQ,48.0,47.7,USD,2025-05-30,,
GPIQ,56.0,47.6,USD,2025-05-30,,
GPIQ,98.0,48.0,USD,2025-06-05,,
GPIQ,75.0,48.6,USD,2025-06-11,,
GPIQ,118.0,48.34,USD,2025-06-12,,
GPIQ,67.0,48.1,USD,2025-06-13,,
GPIQ,78.0,48.17,USD,2025-06-13,,
GPIQ,81.0,48.01,USD,2025-06-13,,
GPIQ,5.0,48.13,USD,2025-06-20,,
GPIQ,159.0,48.36,USD,2025-06-23,,
GPIQ,81.0,48.9,USD,2025-06-24,,
GPIQ,763.0,49.217,USD,2025-06-26,,
GPIQ,76.0,49.69,USD,2025-07-01,,
GPIQ,33.0,49.43,USD,2025-07-08,,
GPIQ,262.0,49.5,USD,2025-07-08,,
GPIQ,82.0,49.75,USD,2025-08-05,,
GPIQ,15.0,50.67,USD,2025-08-08,,
GPIQ,79.0,50.624,USD,2025-08-26,,
GPIQ,48.0,52.11,USD,2025-09-18,,
GPIQ,51.0,51.77,USD,2025-10-01,,
GPIQ,53.0,52.02,USD,2025-10-01,,
GPIQ,25.0,52.435,USD,2025-10-16,,
GPIQ,94.0,52.44,USD,2025-10-16,,
GPIQ,53.0,51.96,USD,2025-10-17,,
GPIQ,200.0,53.0475,USD,2025-12-03,,
GPIQ,19.0,53.265,USD,2025-12-06,,
GPIQ,28.0,53.445,USD,2025-12-08,,
GPIQ,32.0,52.615,USD,2025-12-15,,
GPIQ,63.0,52.27,USD,2025-12-18,,
GPIQ,113.0,52.28,USD,2026-01-03,,
GPIQ,45.0,52.86,USD,2026-01-09,0.36,USD
GPIQ,1250.0,53.28,USD,2026-01-16,,
GPIQ,150.0,52.31,USD,2026-02-25,,
GPIQ,100.0,51.35,USD,2026-03-02,,
GPIQ,-4500.0,54.2,USD,2026-07-28,16.73,USD
IBIT,500.0,56.0,USD,2025-02-07,,
IBIT,10.0,49.2,USD,2025-02-26,,
IBIT,100.0,50.0,USD,2025-03-24,,
IBIT,-610.0,53.02,USD,2025-04-23,,
IYW,116.0,196.95,USD,2025-12-01,,
IYW,26.0,197.105,USD,2025-12-01,,
IYW,259.0,200.82,USD,2025-12-03,0.6,USD
IYW,99.0,204.91,USD,2025-12-08,,
IYW,100.0,196.375,USD,2025-12-18,,
IYW,600.0,201.38,USD,2026-01-16,,
IYW,30.0,196.57,USD,2026-01-20,0.44,USD
IYW,30.0,191.28,USD,2026-02-05,,
IYW,5.0,190.385,USD,2026-02-13,0.35,USD
IYW,5.0,187.5,USD,2026-02-17,,
IYW,30.0,192.585,USD,2026-02-23,,
IYW,200.0,229.75,USD,2026-07-28,0.57,USD
JEPQ,150.0,55.275,USD,2024-10-18,,
JEPQ,200.0,58.055,USD,2024-12-18,,
JEPQ,100.0,57.97,USD,2024-12-18,,
JEPQ,-50.0,57.995,USD,2024-12-18,,
JEPQ,38.0,56.785,USD,2024-12-31,,
JEPQ,62.0,56.0,USD,2025-01-10,,
JEPQ,100.0,56.0,USD,2025-02-04,,
JEPQ,100.0,57.0,USD,2025-02-05,,
JEPQ,4300.0,58.0,USD,2025-02-16,,
JEPQ,450.0,49.91,USD,2025-04-03,,
JEPQ,-5500.0,52.38,USD,2025-04-11,,
JEPQ,50.0,48.8,USD,2025-04-11,,
O,40.0,50.0,USD,2023-10-10,,
O,1.0,49.5,USD,2023-10-20,,
O,2.0,49.0,USD,2023-10-23,,
O,-3.0,49.57,USD,2023-10-26,,
O,80.0,49.3,USD,2023-10-27,,
O,880.0,52.5,USD,2023-11-16,,
O,500.0,53.0,USD,2023-11-18,,
O,5.0,54.0,USD,2024-02-02,,
O,5.0,53.0,USD,2024-02-05,,
O,-1510.0,53.4,USD,2024-04-09,,
QNDX,5350.0,23.03,USD,2026-07-28,12.75,USD
QNDX,8700.0,22.72,USD,2026-07-28,51.34,USD
QNDX,130.0,24.405,USD,2026-08-11,0.45,USD
QNDX,150.0,24.57,USD,2026-08-12,0.71,USD
QNDX,64.0,24.245,USD,2026-08-31,,
QNDX,138.0,24.14,USD,2026-09-03,,
QQQI,1500.0,50.7,USD,2025-05-14,,
QQQI,230.0,50.8,USD,2025-05-19,,
QQQI,35.0,50.83,USD,2025-05-20,,
QQQI,51.0,50.19,USD,2025-05-21,,
QQQI,20.0,49.5,USD,2025-05-23,,
QQQI,164.0,50.25,USD,2025-05-30,,
QQQI,71.0,52.965,USD,2025-07-31,,
QQQI,2.0,51.97,USD,2025-08-01,,
QQQI,168.0,53.65,USD,2025-09-25,,
QQQI,47.0,51.135,USD,2025-09-29,,
QQQI,28.0,54.085,USD,2025-09-30,,
QQQI,34.0,53.98,USD,2025-10-17,,
QQQI,-2350.0,52.25,USD,2026-07-28,8.64,USD
QQQM,3000.0,122.9885,USD,2021-01-01,,
QQQM,50.0,146.78,USD,2023-10-04,,
QQQM,1.0,145.9,USD,2023-10-26,,
QQQM,-1.0,181.4,USD,2024-04-09,,
QQQM,200.0,193.99,USD,2024-07-24,,
QQQM,100.0,187.5,USD,2024-07-31,,
QQQM,50.0,185.0,USD,2024-08-02,,
QQQM,100.0,180.0,USD,2024-08-05,,
QQQM,500.0,200.0,USD,2025-04-16,,
QQQM,1000.0,212.9,USD,2025-05-14,,
SCHD,3000.0,24.5011,USD,2021-01-01,,
SCHD,113.709,24.272447,USD,2023-06-14,,
SCHD,3000.0,24.288333,USD,2023-06-14,,
SCHD,75.9651,23.696667,USD,2023-06-27,,
SCHD,434.8632,24.145667,USD,2023-06-30,,
SCHD,2375.4627,24.879533,USD,2023-08-04,,
SCHD,450.0,23.155,USD,2023-10-04,,
SCHD,1050.0,23.666667,USD,2023-11-18,,
SCHD,-3.0,26.366667,USD,2024-04-09,,
SCHD,-10497.0,26.366667,USD,2024-04-09,,
SCHD,1000.0,28.915,USD,2024-11-06,,
SCHD,2000.0,29.0,USD,2024-11-07,,
SCHD,2000.0,27.9,USD,2025-03-24,,
SCHD,800.0,27.0,USD,2025-04-03,,
SCHD,200.0,24.9,USD,2025-04-11,,
SCHD,130.0,25.84,USD,2025-05-05,,
SCHD,128.0,25.79,USD,2025-05-09,,
SCHD,242.0,26.99,USD,2025-06-11,,
SCHD,-6500.0,28.905,USD,2026-01-16,34.66,USD
SMH,2.0,600.0,USD,2026-06-09,0.35,USD
SMH,2.0,590.0,USD,2026-06-09,0.35,USD
SMH,2.0,578.0,USD,2026-06-09,0.34,USD
SMH,2.0,570.0,USD,2026-06-10,0.35,USD
SMH,2.0,560.0,USD,2026-06-10,0.35,USD
SMH,10.0,653.435,USD,2026-06-18,0.34,USD
SMH,2.0,643.94,USD,2026-06-30,0.36,USD
SMH,5.0,575.97,USD,2026-07-07,0.35,USD
SMH,3.0,598.61,USD,2026-07-10,0.35,USD
SMH,3.0,606.06,USD,2026-07-10,0.35,USD
SMH,7.0,573.1,USD,2026-07-16,0.37,USD
SMH,10.0,562.0,USD,2026-07-24,0.34,USD
SMH,10.0,568.0,USD,2026-08-04,0.34,USD
SMH,12.0,593.22,USD,2026-08-17,0.34,USD
SMH,7.0,544.0,USD,2026-08-24,0.34,USD
SMH,12.0,542.21,USD,2026-08-24,,
SMH,9.0,557.835,USD,2026-08-31,,
SMH,10.0,574.63,USD,2026-09-08,,
SPCX,20.0,150.0,USD,2026-06-12,0.37,USD
SPCX,-20.0,152.67,USD,2026-07-07,0.48,USD
VOO,700.0,476.84,USD,2024-04-09,,